collection_name;card_number;card_name;tipoOrigem;image_url;rarity;quantity;set_name;condition;language;notes
AST;1;Gogiga Gagagigo;Orica;;Common;1;Normal Monster;Mint;English;Arte customizada por artista
AST;100;The Second Sarcophagus;Orica;;Common;1;Continuous Spell;Mint;English;Arte alternativa oficial
AST;101;The First Sarcophagus;Orica;;Common;1;Continuous Trap;Mint;English;Proxy para jogo casual
AST;103;Judgment of the Desert;Orica;;Common;1;Continuous Trap;Mint;English;
AST;104;Human-Wave Tactics;Orica;;Common;1;Continuous Trap;Mint;English;
AST;14;Stone Statue of the Aztecs;Orica;;Common;1;Effect Monster;Mint;English;
AST;15;Rocket Jumper;Orica;;Common;1;Effect Monster;Mint;English;
AST;18;Gear Golem the Moving Fortress;Orica;;Common;1;Effect Monster;Mint;English;
AST;34;Archlord Zerato;Orica;;Common;1;Effect Monster;Mint;English;
AST;45;Goblin Thief;Orica;;Common;1;Normal Spell;Mint;English;
AST;56;Gigobyte;Orica;;Common;1;Normal Monster;Mint;English;
AST;57;Mokey Mokey;Orica;;Common;1;Normal Monster;Mint;English;
AST;58;Kozaky;Orica;;Common;1;Normal Monster;Mint;English;
AST;64;Aswan Apparition;Orica;;Common;1;Effect Monster;Mint;English;
AST;65;Protector of the Sanctuary;Orica;;Common;1;Effect Monster;Mint;English;
AST;7;The Agent of Wisdom - Mercury;Orica;;Common;1;Effect Monster;Mint;English;
AST;70;3-Hump Lacooda;Orica;;Common;1;Effect Monster;Mint;English;
AST;71;Ghost Knight of Jackal;Orica;;Common;1;Effect Monster;Mint;English;
AST;73;Elephant Statue of Blessing;Orica;;Common;1;Effect Monster;Mint;English;
AST;76;Emissary of the Afterlife;Orica;;Common;1;Effect Monster;Mint;English;
AST;83;Emissary of the Oasis;Orica;;Common;1;Effect Monster;Mint;English;
AST;85;Order to Charge;Orica;;Common;1;Quick-Play Spell;Mint;English;
AST;90;Blessings of the Nile;Orica;;Common;1;Continuous Spell;Mint;English;
AST;96;Delta Attacker;Orica;;Common;1;Normal Spell;Mint;English;
AST;98;Triangle Power;Orica;;Common;1;Normal Spell;Mint;English;
AST;99;The Third Sarcophagus;Orica;;Common;1;Continuous Spell;Mint;English;
CT2;2;Exarion Universe;Orica;;Common;1;Effect Monster;Mint;English;
DB2;34;Blade Knight;Orica;;Common;1;Effect Monster;Mint;English;
DB2;106;Royal Decree;Orica;;Common;1;Continuous Trap Card;Mint;English;
DB2;113;Luminous Soldier;Orica;;Common;1;Effect Monster;Mint;English;
DB2;120;Toon Masked Sorcerer;Orica;;Common;1;Toon monster;Mint;English;
DB2;121;Toon Table of Contents;Orica;;Common;1;Normal Spell Card;Mint;English;
DB2;249;Perfectly Ultimate Great Moth;Orica;;Common;1;Effect Monster;Mint;English;
DCR;1;Battle Footballer;Orica;;Common;1;Normal Monster;Mint;English;
DCR;2;Nin-Ken Dog;Orica;;Common;1;Normal Monster;Mint;English;
DCR;3;Acrobat Monkey;Orica;;Common;1;Normal Monster;Mint;English;
DCR;4;Arsenal Summoner;Orica;;Common;1;Flip monster;Mint;English;
DCR;8;Guardian Baou;Orica;;Common;1;Effect Monster;Mint;English;
DCR;11;Cyber Raider;Orica;;Common;1;Effect Monster;Mint;English;
DCR;15;Different Dimension Dragon;Orica;;Common;1;Effect Monster;Mint;English;
DCR;17;Dark Flare Knight;Orica;;Common;1;Effect Fusion Monster;Mint;English;
DCR;18;Mirage Knight;Orica;;Common;1;Effect Monster;Mint;English;
DCR;21;Gyaku-Gire Panda;Orica;;Common;1;Effect Monster;Mint;English;
DCR;22;Blindly Loyal Goblin;Orica;;Common;1;Effect Monster;Mint;English;
DCR;23;Despair from the Dark;Orica;;Common;1;Effect Monster;Mint;English;
DCR;24;Maju Garzett;Orica;;Common;1;Effect Monster;Mint;English;
DCR;25;Fear from the Dark;Orica;;Common;1;Effect Monster;Mint;English;
DCR;26;Dark Scorpion - Chick the Yellow;Orica;;Common;1;Effect Monster;Mint;English;
DCR;27;D.D. Warrior Lady;Orica;;Common;1;Effect Monster;Mint;English;
DCR;30;A Deal with Dark Ruler;Orica;;Common;1;Quick-Play Spell Card;Mint;English;
DCR;31;Contract with Exodia;Orica;;Common;1;Normal Spell Card;Mint;English;
DCR;32;Butterfly Dagger - Elma;Orica;;Common;1;Equip Spell Card;Mint;English;
DCR;33;Shooting Star Bow - Ceal;Orica;;Common;1;Equip Spell Card;Mint;English;
DCR;35;Wicked-Breaking Flamberge - Baou;Orica;;Common;1;Equip Spell Card;Mint;English;
DCR;36;Rod of Silence - Kay'est;Orica;;Common;1;Equip Spell Card;Mint;English;
DCR;38;Precious Cards from Beyond;Orica;;Common;1;Continuous Spell Card;Mint;English;
DCR;39;Rod of the Mind's Eye;Orica;;Common;1;Equip Spell Card;Mint;English;
DCR;40;Fairy of the Spring;Orica;;Common;1;Normal Spell Card;Mint;English;
DCR;43;Non-Spellcasting Area;Orica;;Common;1;Continuous Spell Card;Mint;English;
DCR;44;Different Dimension Gate;Orica;;Common;1;Continuous Spell Card;Mint;English;
DCR;46;Staunch Defender;Orica;;Common;1;Normal Trap Card;Mint;English;
DCR;47;Ojama Trio;Orica;;Common;1;Normal Trap Card;Mint;English;
DCR;48;Arsenal Robber;Orica;;Common;1;Normal Trap Card;Mint;English;
DCR;49;Skill Drain;Orica;;Common;1;Continuous Trap Card;Mint;English;
DCR;50;Really Eternal Rest;Orica;;Common;1;Normal Trap Card;Mint;English;
DCR;51;Kaiser Glider;Orica;;Common;1;Effect Monster;Mint;English;
DCR;52;Interdimensional Matter Transporter;Orica;;Common;1;Normal Trap Card;Mint;English;
DCR;54;Gagagigo;Orica;;Common;1;Normal Monster;Mint;English;
DCR;55;D.D. Trainer;Orica;;Common;1;Normal Monster;Mint;English;
DCR;56;Ojama Green;Orica;;Common;1;Normal Monster;Mint;English;
DCR;57;Archfiend Soldier;Orica;;Common;1;Normal Monster;Mint;English;
DCR;58;Pandemonium Watchbear;Orica;;Common;1;Effect Monster;Mint;English;
DCR;59;Sasuke Samurai 2;Orica;;Common;1;Effect Monster;Mint;English;
DCR;63;Great Maju Garzett;Orica;;Common;1;Effect Monster;Mint;English;
DCR;65;Goblin of Greed;Orica;;Common;1;Effect Monster;Mint;English;
DCR;66;Mefist the Infernal General;Orica;;Common;1;Effect Monster;Mint;English;
DCR;68;Shadowknight Archfiend;Orica;;Common;1;Effect Monster;Mint;English;
DCR;69;Darkbishop Archfiend;Orica;;Common;1;Effect Monster;Mint;English;
DCR;70;Desrook Archfiend;Orica;;Common;1;Effect Monster;Mint;English;
DCR;72;Terrorking Archfiend;Orica;;Common;1;Effect Monster;Mint;English;
DCR;75;Tsukuyomi;Orica;;Common;1;Spirit monster;Mint;English;
DCR;81;Legendary Flame Lord;Orica;;Common;1;Effect Ritual Monster;Mint;English;
DCR;82;Dark Master - Zorc;Orica;;Common;1;Effect Ritual Monster;Mint;English;
DCR;85;Incandescent Ordeal;Orica;;Common;1;Ritual Spell Card;Mint;English;
DCR;86;Contract with the Abyss;Orica;;Common;1;Ritual Spell Card;Mint;English;
DCR;87;Contract with the Dark Master;Orica;;Common;1;Ritual Spell Card;Mint;English;
DCR;89;Checkmate;Orica;;Common;1;Normal Spell Card;Mint;English;
DCR;90;Cestus of Dagla;Orica;;Common;1;Equip Spell Card;Mint;English;
DCR;93;Mustering of the Dark Scorpions;Orica;;Common;1;Normal Spell Card;Mint;English;
DCR;95;Altar for Tribute;Orica;;Common;1;Normal Trap Card;Mint;English;
DCR;96;Frozen Soul;Orica;;Common;1;Normal Trap Card;Mint;English;
DCR;98;Dark Scorpion Combination;Orica;;Common;1;Normal Trap Card;Mint;English;
DCR;99;Archfiend's Roar;Orica;;Common;1;Normal Trap Card;Mint;English;
DCR;100;Dice Re-Roll;Orica;;Common;1;Normal Trap Card;Mint;English;
DCR;101;Spell Vanishing;Orica;;Common;1;Counter Trap Card;Mint;English;
DOR;1;Alpha The Magnet Warrior;Orica;;Common;1;Normal Monster;Mint;English;
DOR;3;Gamma The Magnet Warrior;Orica;;Common;1;Normal Monster;Mint;English;
DR2;44;Dimension Distortion;Orica;;Common;1;Normal Spell Card;Mint;English;
DR2;113;Gogiga Gagagigo;Orica;;Common;1;Normal Monster;Mint;English;
DR2;119;The Agent of Wisdom - Mercury;Orica;;Common;1;Effect Monster;Mint;English;
DR2;121;The Agent of Force - Mars;Orica;;Common;1;Effect Monster;Mint;English;
DR2;122;The Unhappy Girl;Orica;;Common;1;Effect Monster;Mint;English;
DR2;126;Stone Statue of the Aztecs;Orica;;Common;1;Effect Monster;Mint;English;
DR2;127;Rocket Jumper;Orica;;Common;1;Effect Monster;Mint;English;
DR2;130;Gear Golem the Moving Fortress;Orica;;Common;1;Effect Monster;Mint;English;
DR2;132;Needle Burrower;Orica;;Common;1;Effect Monster;Mint;English;
DR2;146;Archlord Zerato;Orica;;Common;1;Effect Monster;Mint;English;
DR2;157;Goblin Thief;Orica;;Common;1;Normal Spell Card;Mint;English;
DR2;169;Gigobyte;Orica;;Common;1;Normal Monster;Mint;English;
DR2;170;Mokey Mokey;Orica;;Common;1;Normal Monster;Mint;English;
DR2;171;Kozaky;Orica;;Common;1;Normal Monster;Mint;English;
DR2;177;Aswan Apparition;Orica;;Common;1;Effect Monster;Mint;English;
DR2;178;Protector of the Sanctuary;Orica;;Common;1;Effect Monster;Mint;English;
DR2;183;3-Hump Lacooda;Orica;;Common;1;Effect Monster;Mint;English;
DR2;184;Ghost Knight of Jackal;Orica;;Common;1;Effect Monster;Mint;English;
DR2;186;Elephant Statue of Blessing;Orica;;Common;1;Effect Monster;Mint;English;
DR2;189;Emissary of the Afterlife;Orica;;Common;1;Effect Monster;Mint;English;
DR2;196;Emissary of the Oasis;Orica;;Common;1;Effect Monster;Mint;English;
DR2;198;Order to Charge;Orica;;Common;1;Quick-Play Spell Card;Mint;English;
DR2;203;Blessings of the Nile;Orica;;Common;1;Continuous Spell Card;Mint;English;
DR2;209;Delta Attacker;Orica;;Common;1;Normal Spell Card;Mint;English;
DR2;211;Triangle Power;Orica;;Common;1;Normal Spell Card;Mint;English;
DR2;212;The Third Sarcophagus;Orica;;Common;1;Continuous Spell Card;Mint;English;
DR2;213;The Second Sarcophagus;Orica;;Common;1;Continuous Spell Card;Mint;English;
DR2;214;The First Sarcophagus;Orica;;Common;1;Continuous Trap Card;Mint;English;
DR2;216;Judgment of the Desert;Orica;;Common;1;Continuous Trap Card;Mint;English;
DR2;217;Human-Wave Tactics;Orica;;Common;1;Continuous Trap Card;Mint;English;
IOC;23;Chaos Sorcerer;Orica;;Common;1;Effect Monster;Mint;English;
IOC;25;Black Luster Soldier - Envoy of the Beginning;Orica;;Common;1;Effect Monster;Mint;English;
IOC;76;Anti-Aircraft Flower;Orica;;Common;1;Effect Monster;Mint;English;
IOC;106;Curse of Darkness;Orica;;Common;1;Continuous Trap Card;Mint;English;
JUMP;8;Judgment of Pharaoh (as Judgment of the Pharaoh);Orica;;Common;1;Normal Trap Card;Mint;English;
LCJW;13;Meotoko;Orica;;Common;1;Normal Monster;Mint;English;
LCJW;43;Panther Warrior;Orica;;Common;1;Effect Monster;Mint;English;
LCJW;63;Giant Trunade;Orica;;Common;1;Normal Spell Card;Mint;English;
LCJW;65;Graceful Dice;Orica;;Common;1;Quick-Play Spell Card;Mint;English;
LCJW;66;Scapegoat;Orica;;Common;1;Quick-Play Spell Card;Mint;English;
LCJW;86;Harpie's Pet Dragon;Orica;;Common;1;Effect Monster;Mint;English;
LCJW;128;Spell of Pain;Orica;;Common;1;Quick-Play Spell Card;Mint;English;
LCKC;46;Crush Card Virus (two unique artworks);Orica;;Common;1;Normal Trap Card;Mint;English;
LOB;3;Flame Swordsman;Orica;;Common;1;Fusion Monster;Mint;English;
LOB;9;Mammoth Graveyard;Orica;;Common;1;Normal Monster;Mint;English;
LOB;10;Silver Fang;Orica;;Common;1;Normal Monster;Mint;English;
LOB;13;Nemuriko;Orica;;Common;1;Normal Monster;Mint;English;
LOB;15;Charubin the Fire Knight;Orica;;Common;1;Fusion Monster;Mint;English;
LOB;16;Flame Manipulator;Orica;;Common;1;Normal Monster;Mint;English;
LOB;19;Darkfire Dragon;Orica;;Common;1;Fusion Monster;Mint;English;
LOB;20;Dark King of the Abyss;Orica;;Common;1;Normal Monster;Mint;English;
LOB;22;Fusionist;Orica;;Common;1;Fusion Monster;Mint;English;
LOB;27;Aqua Madoor;Orica;;Common;1;Normal Monster;Mint;English;
LOB;28;Kagemusha of the Blue Flame;Orica;;Common;1;Normal Monster;Mint;English;
LOB;29;Flame Ghost;Orica;;Common;1;Fusion Monster;Mint;English;
LOB;31;Dissolverock;Orica;;Common;1;Normal Monster;Mint;English;
LOB;38;Masaki the Legendary Swordsman;Orica;;Common;1;Normal Monster;Mint;English;
LOB;43;Book of Secret Arts;Orica;;Common;1;Equip Spell Card;Mint;English;
LOB;45;Dragon Capture Jar;Orica;;Common;1;Continuous Trap Card;Mint;English;
LOB;53;Raigeki;Orica;;Common;1;Normal Spell Card;Mint;English;
LOB;61;Two-Pronged Attack;Orica;;Common;1;Normal Trap Card;Mint;English;
LOB;62;Mystical Elf;Orica;;Common;1;Normal Monster;Mint;English;
LOB;63;Tyhone;Orica;;Common;1;Normal Monster;Mint;English;
LOB;64;Beaver Warrior;Orica;;Common;1;Normal Monster;Mint;English;
LOB;65;Gravedigger Ghoul;Orica;;Common;1;Normal Spell Card;Mint;English;
LOB;66;Curse of Dragon;Orica;;Common;1;Normal Monster;Mint;English;
LOB;67;Karbonala Warrior;Orica;;Common;1;Fusion Monster;Mint;English;
LOB;72;Witty Phantom;Orica;;Common;1;Normal Monster;Mint;English;
LOB;74;Hard Armor;Orica;;Common;1;Normal Monster;Mint;English;
LOB;77;M-Warrior #2;Orica;;Common;1;Normal Monster;Mint;English;
LOB;81;Frenzied Panda;Orica;;Common;1;Normal Monster;Mint;English;
LOB;83;Meda Bat;Orica;;Common;1;Normal Monster;Mint;English;
LOB;84;Enchanting Mermaid;Orica;;Common;1;Normal Monster;Mint;English;
LOB;85;Fireyarou;Orica;;Common;1;Normal Monster;Mint;English;
LOB;86;Dragoness the Wicked Knight;Orica;;Common;1;Fusion Monster;Mint;English;
LOB;88;Dark Energy;Orica;;Common;1;Equip Spell Card;Mint;English;
LOB;92;Dragon Treasure;Orica;;Common;1;Equip Spell Card;Mint;English;
LOB;95;Stop Defense;Orica;;Common;1;Normal Spell Card;Mint;English;
LOB;96;Machine Conversion Factory;Orica;;Common;1;Equip Spell Card;Mint;English;
LOB;98;Follow Wind;Orica;;Common;1;Equip Spell Card;Mint;English;
LOB;99;Goblin's Secret Remedy;Orica;;Common;1;Normal Spell Card;Mint;English;
LOB;100;Final Flame;Orica;;Common;1;Normal Spell Card;Mint;English;
LOB;102;Metal Dragon;Orica;;Common;1;Fusion Monster;Mint;English;
LOB;104;Tripwire Beast;Orica;;Common;1;Normal Monster;Mint;English;
LOB;106;Armed Ninja;Orica;;Common;1;Flip monster;Mint;English;
LOB;107;Flower Wolf;Orica;;Common;1;Fusion Monster;Mint;English;
LOB;108;Man-Eater Bug;Orica;;Common;1;Flip monster;Mint;English;
LOB;115;Drooling Lizard;Orica;;Common;1;Normal Monster;Mint;English;
LOB;117;Succubus Knight;Orica;;Common;1;Normal Monster;Mint;English;
LOB;120;Right Leg of the Forbidden One;Orica;;Common;1;Normal Monster;Mint;English;
LOB;121;Left Leg of the Forbidden One;Orica;;Common;1;Normal Monster;Mint;English;
LOB;122;Right Arm of the Forbidden One;Orica;;Common;1;Normal Monster;Mint;English;
LOB;123;Left Arm of the Forbidden One;Orica;;Common;1;Normal Monster;Mint;English;
LOB;124;Exodia the Forbidden One;Orica;;Common;1;Effect Monster;Mint;English;
LOB;125;Gaia the Dragon Champion;Orica;;Common;1;Fusion Monster;Mint;English;
LOD;3;Lesser Fiend;Orica;;Common;1;Effect Monster;Mint;English;
LOD;14;Soul Demolition;Orica;;Common;1;Continuous Trap Card;Mint;English;
LOD;19;Ryu Senshi;Orica;;Common;1;Effect Fusion Monster;Mint;English;
LOD;33;Emergency Provisions;Orica;;Common;1;Quick-Play Spell Card;Mint;English;
LOD;34;Tyrant Dragon;Orica;;Common;1;Effect Monster;Mint;English;
LOD;44;A Wingbeat of Giant Dragon;Orica;;Common;1;Normal Spell Card;Mint;English;
LOD;66;Susa Soldier;Orica;;Common;1;Spirit monster;Mint;English;
LOD;67;Yamata Dragon;Orica;;Common;1;Spirit monster;Mint;English;
LOD;73;Super Robolady;Orica;;Common;1;Effect Fusion Monster;Mint;English;
LOD;74;Super Roboyarou;Orica;;Common;1;Effect Fusion Monster;Mint;English;
LOD;82;Spiritual Energy Settle Machine;Orica;;Common;1;Continuous Spell Card;Mint;English;
LOD;87;Magic Reflector;Orica;;Common;1;Normal Spell Card;Mint;English;
LOD;96;Nutrient Z;Orica;;Common;1;Normal Trap Card;Mint;English;
LON;1;The Masked Beast;Orica;;Common;1;Ritual Monster;Mint;English;
LON;2;Swordsman of Landstar;Orica;;Common;1;Normal Monster;Mint;English;
LON;5;Humanoid Worm Drake;Orica;;Common;1;Fusion Monster;Mint;English;
LON;7;Flying Fish;Orica;;Common;1;Normal Monster;Mint;English;
LON;8;Amphibian Beast;Orica;;Common;1;Normal Monster;Mint;English;
LON;9;Shining Abyss;Orica;;Common;1;Normal Monster;Mint;English;
LON;10;Gadget Soldier;Orica;;Common;1;Normal Monster;Mint;English;
LON;11;Grand Tiki Elder;Orica;;Common;1;Normal Monster;Mint;English;
LON;13;Nuvia the Wicked;Orica;;Common;1;Effect Monster;Mint;English;
LON;16;Curse of the Masked Beast;Orica;;Common;1;Ritual Spell Card;Mint;English;
LON;20;Mask of Brutality;Orica;;Common;1;Equip Spell Card;Mint;English;
LON;21;Return of the Doomed;Orica;;Common;1;Normal Spell Card;Mint;English;
LON;23;Tornado Wall;Orica;;Common;1;Continuous Trap Card;Mint;English;
LON;26;Jam Breeding Machine;Orica;;Common;1;Continuous Spell Card;Mint;English;
LON;32;Amazoness Archer;Orica;;Common;1;Effect Monster;Mint;English;
LON;34;Fire Princess;Orica;;Common;1;Effect Monster;Mint;English;
LON;37;Spirit of the Breeze;Orica;;Common;1;Effect Monster;Mint;English;
LON;38;Dancing Fairy;Orica;;Common;1;Effect Monster;Mint;English;
LON;39;Fairy Guardian;Orica;;Common;1;Effect Monster;Mint;English;
LON;41;Cure Mermaid;Orica;;Common;1;Effect Monster;Mint;English;
LON;45;St. Joan;Orica;;Common;1;Fusion Monster;Mint;English;
LON;47;Jar of Greed;Orica;;Common;1;Normal Trap Card;Mint;English;
LON;50;Mage Power;Orica;;Common;1;Equip Spell Card;Mint;English;
LON;55;Earthbound Spirit;Orica;;Common;1;Normal Monster;Mint;English;
LON;57;Boneheimer;Orica;;Common;1;Normal Monster;Mint;English;
LON;58;Flame Dancer;Orica;;Common;1;Normal Monster;Mint;English;
LON;61;Jowgen the Spiritualist;Orica;;Common;1;Effect Monster;Mint;English;
LON;64;Bazoo the Soul-Eater;Orica;;Common;1;Effect Monster;Mint;English;
LON;67;Spirit of Flames;Orica;;Common;1;Effect Monster;Mint;English;
LON;76;Maryokutai;Orica;;Common;1;Effect Monster;Mint;English;
LON;77;The Last Warrior from Another Planet;Orica;;Common;1;Effect Fusion Monster;Mint;English;
LON;78;Collected Power;Orica;;Common;1;Normal Trap Card;Mint;English;
LON;84;Deal of Phantom;Orica;;Common;1;Normal Trap Card;Mint;English;
LON;85;Destruction Punch;Orica;;Common;1;Normal Trap Card;Mint;English;
LON;86;Blind Destruction;Orica;;Common;1;Continuous Trap Card;Mint;English;
LON;95;Cyclon Laser;Orica;;Common;1;Equip Spell Card;Mint;English;
LON;96;Bait Doll;Orica;;Common;1;Normal Spell Card;Mint;English;
LON;99;Ekibyo Drakmord;Orica;;Common;1;Equip Spell Card;Mint;English;
MDP2;8;Meteor Dragon;Orica;;Common;1;Normal Monster;Mint;English;
MFC;10;Decayed Commander;Orica;;Common;1;Effect Monster;Mint;English;
MFC;101;Remove Brainwashing;Orica;;Common;1;Continuous Trap Card;Mint;English;
MFC;102;Disarmament;Orica;;Common;1;Normal Trap Card;Mint;English;
MFC;103;Anti-Spell;Orica;;Common;1;Counter Trap Card;Mint;English;
MFC;104;The Spell Absorbing Life;Orica;;Common;1;Normal Trap Card;Mint;English;
MFC;106;Double Spell;Orica;;Common;1;Normal Spell Card;Mint;English;
MFC;11;Zombie Tiger;Orica;;Common;1;Union monster;Mint;English;
MFC;15;Des Dendle;Orica;;Common;1;Union monster;Mint;English;
MFC;16;Burning Beast;Orica;;Common;1;Union monster;Mint;English;
MFC;17;Freezing Beast;Orica;;Common;1;Union monster;Mint;English;
MFC;18;Union Rider;Orica;;Common;1;Effect Monster;Mint;English;
MFC;19;D.D. Crazy Beast;Orica;;Common;1;Effect Monster;Mint;English;
MFC;2;Oppressed People;Orica;;Common;1;Normal Monster;Mint;English;
MFC;20;Spell Canceller;Orica;;Common;1;Effect Monster;Mint;English;
MFC;21;Neko Mane King;Orica;;Common;1;Effect Monster;Mint;English;
MFC;22;Helping Robo for Combat (as Helping Robo For Combat);Orica;;Common;1;Effect Monster;Mint;English;
MFC;23;Dimension Jar;Orica;;Common;1;Flip monster;Mint;English;
MFC;24;Great Phantom Thief;Orica;;Common;1;Effect Monster;Mint;English;
MFC;25;Roulette Barrel;Orica;;Common;1;Effect Monster;Mint;English;
MFC;26;Paladin of White Dragon;Orica;;Common;1;Effect Ritual Monster;Mint;English;
MFC;27;White Dragon Ritual;Orica;;Common;1;Ritual Spell Card;Mint;English;
MFC;28;Frontline Base;Orica;;Common;1;Continuous Spell Card;Mint;English;
MFC;29;Demotion;Orica;;Common;1;Equip Spell Card;Mint;English;
MFC;30;Combination Attack;Orica;;Common;1;Quick-Play Spell Card;Mint;English;
MFC;32;Autonomous Action Unit;Orica;;Common;1;Equip Spell Card;Mint;English;
MFC;33;Poison of the Old Man;Orica;;Common;1;Quick-Play Spell Card;Mint;English;
MFC;34;Ante;Orica;;Common;1;Normal Spell Card;Mint;English;
MFC;35;Dark Core;Orica;;Common;1;Normal Spell Card;Mint;English;
MFC;36;Raregold Armor;Orica;;Common;1;Equip Spell Card;Mint;English;
MFC;37;Metalsilver Armor;Orica;;Common;1;Equip Spell Card;Mint;English;
MFC;38;Kishido Spirit;Orica;;Common;1;Continuous Spell Card;Mint;English;
MFC;39;Tribute Doll;Orica;;Common;1;Normal Spell Card;Mint;English;
MFC;40;Wave-Motion Cannon;Orica;;Common;1;Continuous Spell Card;Mint;English;
MFC;43;Spell Shield Type-8;Orica;;Common;1;Counter Trap Card;Mint;English;
MFC;44;Meteorain;Orica;;Common;1;Normal Trap Card;Mint;English;
MFC;45;Pineapple Blast;Orica;;Common;1;Normal Trap Card;Mint;English;
MFC;46;Secret Barrel;Orica;;Common;1;Normal Trap Card;Mint;English;
MFC;50;Adhesion Trap Hole;Orica;;Common;1;Normal Trap Card;Mint;English;
MFC;54;YZ-Tank Dragon;Orica;;Common;1;Effect Fusion Monster;Mint;English;
MFC;55;Great Angus;Orica;;Common;1;Normal Monster;Mint;English;
MFC;56;Aitsu;Orica;;Common;1;Normal Monster;Mint;English;
MFC;57;Sonic Duck;Orica;;Common;1;Normal Monster;Mint;English;
MFC;58;Luster Dragon;Orica;;Common;1;Normal Monster;Mint;English;
MFC;59;Amazoness Paladin;Orica;;Common;1;Effect Monster;Mint;English;
MFC;60;Amazoness Fighter;Orica;;Common;1;Effect Monster;Mint;English;
MFC;62;Amazoness Blowpiper;Orica;;Common;1;Effect Monster;Mint;English;
MFC;64;Skilled White Magician;Orica;;Common;1;Effect Monster;Mint;English;
MFC;66;Apprentice Magician;Orica;;Common;1;Effect Monster;Mint;English;
MFC;68;Chaos Command Magician;Orica;;Common;1;Effect Monster;Mint;English;
MFC;7;Dark Blade;Orica;;Common;1;Normal Monster;Mint;English;
MFC;75;Armor Exe;Orica;;Common;1;Effect Monster;Mint;English;
MFC;79;Magical Merchant;Orica;;Common;1;Flip monster;Mint;English;
MFC;8;Pitch-Dark Dragon;Orica;;Common;1;Union monster;Mint;English;
MFC;81;Cat's Ear Tribe;Orica;;Common;1;Effect Monster;Mint;English;
MFC;82;Ultimate Obedient Fiend;Orica;;Common;1;Effect Monster;Mint;English;
MFC;84;Amazoness Spellcaster;Orica;;Common;1;Normal Spell Card;Mint;English;
MFC;85;Continuous Destruction Punch;Orica;;Common;1;Continuous Spell Card;Mint;English;
MFC;87;Gather Your Mind;Orica;;Common;1;Normal Spell Card;Mint;English;
MFC;88;Mass Driver;Orica;;Common;1;Continuous Spell Card;Mint;English;
MFC;89;Senri Eye;Orica;;Common;1;Continuous Spell Card;Mint;English;
MFC;9;Kiryu;Orica;;Common;1;Union monster;Mint;English;
MFC;92;My Body as a Shield;Orica;;Common;1;Quick-Play Spell Card;Mint;English;
MFC;93;Spellbook Organization (as Pigeonholing Books of Spell);Orica;;Common;1;Quick-Play Spell Card;Mint;English;
MFC;94;Mega Ton Magical Cannon;Orica;;Common;1;Normal Spell Card;Mint;English;
MFC;98;Exhausting Spell;Orica;;Common;1;Normal Trap Card;Mint;English;
MP1;4;Slime Toad;Orica;;Common;1;Normal Monster;Mint;English;
MRD;0;Gate Guardian;Orica;;Common;1;Effect Monster;Mint;English;
MRD;1;Feral Imp;Orica;;Common;1;Normal Monster;Mint;English;
MRD;3;Summoned Skull;Orica;;Common;1;Normal Monster;Mint;English;
MRD;5;Armored Lizard;Orica;;Common;1;Normal Monster;Mint;English;
MRD;8;Harpie Lady;Orica;;Common;1;Normal Monster;Mint;English;
MRD;10;Kojikocy;Orica;;Common;1;Normal Monster;Mint;English;
MRD;11;Cocoon of Evolution;Orica;;Common;1;Effect Monster;Mint;English;
MRD;12;Crawling Dragon;Orica;;Common;1;Normal Monster;Mint;English;
MRD;14;Mask of Darkness;Orica;;Common;1;Flip monster;Mint;English;
MRD;15;Doma The Angel of Silence;Orica;;Common;1;Normal Monster;Mint;English;
MRD;16;White Magical Hat;Orica;;Common;1;Effect Monster;Mint;English;
MRD;17;Big Eye;Orica;;Common;1;Flip monster;Mint;English;
MRD;21;Water Omotics;Orica;;Common;1;Normal Monster;Mint;English;
MRD;22;Ground Attacker Bugroth;Orica;;Common;1;Normal Monster;Mint;English;
MRD;23;Petit Moth;Orica;;Common;1;Normal Monster;Mint;English;
MRD;26;Kazejin;Orica;;Common;1;Effect Monster;Mint;English;
MRD;27;Suijin;Orica;;Common;1;Effect Monster;Mint;English;
MRD;28;Mystic Lamp;Orica;;Common;1;Effect Monster;Mint;English;
MRD;29;Steel Scorpion;Orica;;Common;1;Effect Monster;Mint;English;
MRD;30;Ocubeam;Orica;;Common;1;Normal Monster;Mint;English;
MRD;31;Leghul;Orica;;Common;1;Effect Monster;Mint;English;
MRD;34;Blast Juggler;Orica;;Common;1;Effect Monster;Mint;English;
MRD;35;Jinzo #7;Orica;;Common;1;Effect Monster;Mint;English;
MRD;36;Magician of Faith;Orica;;Common;1;Flip monster;Mint;English;
MRD;38;Deepsea Shark;Orica;;Common;1;Fusion Monster;Mint;English;
MRD;39;Bottom Dweller;Orica;;Common;1;Normal Monster;Mint;English;
MRD;40;Destroyer Golem;Orica;;Common;1;Normal Monster;Mint;English;
MRD;41;Kaminari Attack;Orica;;Common;1;Fusion Monster;Mint;English;
MRD;43;Morinphen;Orica;;Common;1;Normal Monster;Mint;English;
MRD;44;Mega Thunderball;Orica;;Common;1;Normal Monster;Mint;English;
MRD;45;Tongyo;Orica;;Common;1;Normal Monster;Mint;English;
MRD;46;Empress Judge;Orica;;Common;1;Fusion Monster;Mint;English;
MRD;47;Pale Beast;Orica;;Common;1;Normal Monster;Mint;English;
MRD;48;Electric Lizard;Orica;;Common;1;Effect Monster;Mint;English;
MRD;49;Hunter Spider;Orica;;Common;1;Normal Monster;Mint;English;
MRD;50;Ancient Lizard Warrior;Orica;;Common;1;Normal Monster;Mint;English;
MRD;52;Trent;Orica;;Common;1;Normal Monster;Mint;English;
MRD;53;Disk Magician;Orica;;Common;1;Normal Monster;Mint;English;
MRD;58;Soul Release;Orica;;Common;1;Normal Spell Card;Mint;English;
MRD;59;The Cheerful Coffin;Orica;;Common;1;Normal Spell Card;Mint;English;
MRD;61;Baby Dragon;Orica;;Common;1;Normal Monster;Mint;English;
MRD;63;Swamp Battleguard;Orica;;Common;1;Effect Monster;Mint;English;
MRD;64;Battle Steer;Orica;;Common;1;Normal Monster;Mint;English;
MRD;68;Illusionist Faceless Mage;Orica;;Common;1;Normal Monster;Mint;English;
MRD;70;Great Moth;Orica;;Common;1;Effect Monster;Mint;English;
MRD;72;Jellyfish;Orica;;Common;1;Normal Monster;Mint;English;
MRD;73;Castle of Dark Illusions;Orica;;Common;1;Flip monster;Mint;English;
MRD;74;King of Yamimakai;Orica;;Common;1;Normal Monster;Mint;English;
MRD;77;Rabid Horseman;Orica;;Common;1;Fusion Monster;Mint;English;
MRD;78;Crass Clown;Orica;;Common;1;Effect Monster;Mint;English;
MRD;79;Pumpking the King of Ghosts;Orica;;Common;1;Effect Monster;Mint;English;
MRD;80;Dream Clown;Orica;;Common;1;Effect Monster;Mint;English;
MRD;81;Tainted Wisdom;Orica;;Common;1;Effect Monster;Mint;English;
MRD;82;Ancient Brain;Orica;;Common;1;Normal Monster;Mint;English;
MRD;83;Guardian of the Labyrinth;Orica;;Common;1;Normal Monster;Mint;English;
MRD;86;Princess of Tsurugi;Orica;;Common;1;Flip monster;Mint;English;
MRD;87;Protector of the Throne;Orica;;Common;1;Normal Monster;Mint;English;
MRD;88;Tremendous Fire;Orica;;Common;1;Normal Spell Card;Mint;English;
MRD;89;Jirai Gumo;Orica;;Common;1;Effect Monster;Mint;English;
MRD;90;Shadow Ghoul;Orica;;Common;1;Effect Monster;Mint;English;
MRD;91;Labyrinth Tank;Orica;;Common;1;Fusion Monster;Mint;English;
MRD;93;Bickuribox;Orica;;Common;1;Fusion Monster;Mint;English;
MRD;94;Giltia the D. Knight;Orica;;Common;1;Fusion Monster;Mint;English;
MRD;96;Giga-Tech Wolf;Orica;;Common;1;Normal Monster;Mint;English;
MRD;98;7 Colored Fish;Orica;;Common;1;Normal Monster;Mint;English;
MRD;99;The Immortal of Thunder;Orica;;Common;1;Flip monster;Mint;English;
MRD;100;Punished Eagle;Orica;;Common;1;Fusion Monster;Mint;English;
MRD;102;Hoshiningen;Orica;;Common;1;Effect Monster;Mint;English;
MRD;103;Musician King;Orica;;Common;1;Fusion Monster;Mint;English;
MRD;104;Yado Karu;Orica;;Common;1;Effect Monster;Mint;English;
MRD;105;Cyber Saurus;Orica;;Common;1;Fusion Monster;Mint;English;
MRD;106;Cannon Soldier;Orica;;Common;1;Effect Monster;Mint;English;
MRD;109;Star Boy;Orica;;Common;1;Effect Monster;Mint;English;
MRD;110;Milus Radiant;Orica;;Common;1;Effect Monster;Mint;English;
MRD;111;Flame Cerebrus;Orica;;Common;1;Normal Monster;Mint;English;
MRD;112;Niwatori;Orica;;Common;1;Normal Monster;Mint;English;
MRD;113;Dark Elf;Orica;;Common;1;Effect Monster;Mint;English;
MRD;114;Mushroom Man #2;Orica;;Common;1;Effect Monster;Mint;English;
MRD;115;Lava Battleguard;Orica;;Common;1;Effect Monster;Mint;English;
MRD;117;Little Chimera;Orica;;Common;1;Effect Monster;Mint;English;
MRD;119;Lady of Faith;Orica;;Common;1;Normal Monster;Mint;English;
MRD;120;Twin-Headed Thunder Dragon;Orica;;Common;1;Fusion Monster;Mint;English;
MRD;121;Witch's Apprentice;Orica;;Common;1;Effect Monster;Mint;English;
MRD;123;Skull Knight;Orica;;Common;1;Fusion Monster;Mint;English;
MRD;125;Garnecia Elefantis;Orica;;Common;1;Normal Monster;Mint;English;
MRD;126;Barrel Dragon;Orica;;Common;1;Effect Monster;Mint;English;
MRD;128;Magic Jammer;Orica;;Common;1;Counter Trap Card;Mint;English;
MRD;132;Sword of Deep-Seated;Orica;;Common;1;Equip Spell Card;Mint;English;
MRD;133;Block Attack;Orica;;Common;1;Normal Spell Card;Mint;English;
MRD;135;Robbin' Goblin;Orica;;Common;1;Continuous Trap Card;Mint;English;
MRD;137;Paralyzing Potion;Orica;;Common;1;Equip Spell Card;Mint;English;
MRD;139;Ring of Magnetism;Orica;;Common;1;Equip Spell Card;Mint;English;
MRD;140;Share the Pain;Orica;;Common;1;Normal Spell Card;Mint;English;
MRD;143;Thousand Dragon;Orica;;Common;1;Fusion Monster;Mint;English;
PGD;0;Ring of Destruction;Orica;;Common;1;Normal Trap Card;Mint;English;
PGD;10;Timeater;Orica;;Common;1;Effect Monster;Mint;English;
PGD;103;Byser Shock;Orica;;Common;1;Effect Monster;Mint;English;
PGD;2;Shapesnatch;Orica;;Common;1;Normal Monster;Mint;English;
PGD;33;Book of Life;Orica;;Common;1;Normal Spell Card;Mint;English;
PGD;41;Tutan Mask;Orica;;Common;1;Counter Trap Card;Mint;English;
PGD;47;Dark Coffin;Orica;;Common;1;Normal Trap Card;Mint;English;
PGD;48;Needle Wall;Orica;;Common;1;Continuous Trap Card;Mint;English;
PGD;53;Master Kyonshee;Orica;;Common;1;Normal Monster;Mint;English;
PGD;54;Kabazauls;Orica;;Common;1;Normal Monster;Mint;English;
PGD;55;Inpachi;Orica;;Common;1;Normal Monster;Mint;English;
PGD;62;Gravekeeper's Spear Soldier;Orica;;Common;1;Effect Monster;Mint;English;
PGD;63;Gravekeeper's Vassal;Orica;;Common;1;Effect Monster;Mint;English;
PGD;64;Gravekeeper's Watcher;Orica;;Common;1;Effect Monster;Mint;English;
PGD;65;Gravekeeper's Chief;Orica;;Common;1;Effect Monster;Mint;English;
PGD;66;Gravekeeper's Cannonholder;Orica;;Common;1;Effect Monster;Mint;English;
PGD;67;Gravekeeper's Assailant;Orica;;Common;1;Effect Monster;Mint;English;
PGD;68;A Man with Wdjat;Orica;;Common;1;Effect Monster;Mint;English;
PGD;69;Mystical Knight of Jackal;Orica;;Common;1;Effect Monster;Mint;English;
PGD;79;Dark Designator;Orica;;Common;1;Normal Spell Card;Mint;English;
PGD;81;Reasoning;Orica;;Common;1;Normal Spell Card;Mint;English;
PGD;83;Different Dimension Capsule;Orica;;Common;1;Normal Spell Card;Mint;English;
PGD;85;Buster Rancher;Orica;;Common;1;Equip Spell Card;Mint;English;
PGD;88;Terraforming;Orica;;Common;1;Normal Spell Card;Mint;English;
PGD;90;Metamorphosis;Orica;;Common;1;Normal Spell Card;Mint;English;
PGD;93;Coffin Seller;Orica;;Common;1;Continuous Trap Card;Mint;English;
PP01;1;Magician of Black Chaos;Orica;;Common;1;Ritual Monster;Mint;English;
PRC1;4;Meteor Black Dragon (as Meteor B. Dragon);Orica;;Common;1;Fusion Monster;Mint;English;
PSV;6;Chain Destruction;Orica;;Common;1;Normal Trap Card;Mint;English;
PSV;7;Time Seal;Orica;;Common;1;Normal Trap Card;Mint;English;
PSV;10;The Eye of Truth;Orica;;Common;1;Continuous Trap Card;Mint;English;
PSV;12;Call of the Haunted (as Call Of The Haunted);Orica;;Common;1;Continuous Trap Card;Mint;English;
PSV;17;Gust;Orica;;Common;1;Normal Trap Card;Mint;English;
PSV;23;Numinous Healer;Orica;;Common;1;Normal Trap Card;Mint;English;
PSV;24;Appropriate;Orica;;Common;1;Continuous Trap Card;Mint;English;
PSV;25;Forced Requisition;Orica;;Common;1;Continuous Trap Card;Mint;English;
PSV;27;The Regulation of Tribe;Orica;;Common;1;Continuous Trap Card;Mint;English;
PSV;29;Major Riot;Orica;;Common;1;Normal Trap Card;Mint;English;
PSV;30;Ceasefire;Orica;;Common;1;Normal Trap Card;Mint;English;
PSV;34;Nobleman of Crossout;Orica;;Common;1;Normal Spell Card;Mint;English;
PSV;38;Inspection;Orica;;Common;1;Continuous Spell Card;Mint;English;
PSV;44;Mr. Volcano;Orica;;Common;1;Normal Monster;Mint;English;
PSV;45;Darkfire Soldier #2;Orica;;Common;1;Normal Monster;Mint;English;
PSV;47;Cyber Falcon;Orica;;Common;1;Normal Monster;Mint;English;
PSV;49;Sky Scout (as Harpie's Brother);Orica;;Common;1;Normal Monster;Mint;English;
PSV;51;Michizure;Orica;;Common;1;Normal Trap Card;Mint;English;
PSV;56;Skull Invitation;Orica;;Common;1;Continuous Trap Card;Mint;English;
PSV;62;Cold Wave;Orica;;Common;1;Normal Spell Card;Mint;English;
PSV;64;Limiter Removal;Orica;;Common;1;Quick-Play Spell Card;Mint;English;
PSV;65;Rain of Mercy;Orica;;Common;1;Normal Spell Card;Mint;English;
PSV;67;Shift;Orica;;Common;1;Normal Trap Card;Mint;English;
PSV;68;Insect Imitation;Orica;;Common;1;Normal Spell Card;Mint;English;
PSV;71;Magic Drain;Orica;;Common;1;Counter Trap Card;Mint;English;
PSV;77;Sword Hunter;Orica;;Common;1;Effect Monster;Mint;English;
PSV;81;Spikebot;Orica;;Common;1;Normal Monster;Mint;English;
PSV;82;Invitation to a Dark Sleep;Orica;;Common;1;Effect Monster;Mint;English;
PSV;83;Thousand-Eyes Idol;Orica;;Common;1;Normal Monster;Mint;English;
PSV;85;Girochin Kuwagata;Orica;;Common;1;Normal Monster;Mint;English;
PSV;86;Hayabusa Knight;Orica;;Common;1;Effect Monster;Mint;English;
PSV;89;Gradius;Orica;;Common;1;Normal Monster;Mint;English;
PSV;95;Island Turtle;Orica;;Common;1;Normal Monster;Mint;English;
PSV;103;Beast of Talwar;Orica;;Common;1;Normal Monster;Mint;English;
RDS;2;Mighty Guard;Orica;;Common;1;Normal Monster;Mint;English;
RDS;4;Harpie Girl;Orica;;Common;1;Normal Monster;Mint;English;
RDS;6;The Creator Incarnate;Orica;;Common;1;Effect Monster;Mint;English;
RDS;8;Mystic Swordsman LV6;Orica;;Common;1;Effect Monster;Mint;English;
RDS;12;Perfect Machine King;Orica;;Common;1;Effect Monster;Mint;English;
RDS;15;Roc from the Valley of Haze;Orica;;Common;1;Effect Monster;Mint;English;
RDS;16;Sasuke Samurai #4;Orica;;Common;1;Effect Monster;Mint;English;
RDS;19;Harpie Lady 3;Orica;;Common;1;Effect Monster;Mint;English;
RDS;20;Raging Flame Sprite;Orica;;Common;1;Effect Monster;Mint;English;
RDS;21;Thestalos the Firestorm Monarch;Orica;;Common;1;Effect Monster;Mint;English;
RDS;22;Eagle Eye;Orica;;Common;1;Effect Monster;Mint;English;
RDS;24;Invasion of Flames;Orica;;Common;1;Effect Monster;Mint;English;
RDS;25;Creeping Doom Manta;Orica;;Common;1;Effect Monster;Mint;English;
RDS;26;Pitch-Black Warwolf;Orica;;Common;1;Effect Monster;Mint;English;
RDS;27;Mirage Dragon;Orica;;Common;1;Effect Monster;Mint;English;
RDS;32;Dekoichi the Battlechanted Locomotive;Orica;;Common;1;Flip monster;Mint;English;
RDS;33;A-Team: Trap Disposal Unit;Orica;;Common;1;Effect Monster;Mint;English;
RDS;35;Dark Blade the Dragon Knight;Orica;;Common;1;Effect Fusion Monster;Mint;English;
RDS;37;Serial Spell;Orica;;Common;1;Quick-Play Spell Card;Mint;English;
RDS;39;Triangle Ecstasy Spark;Orica;;Common;1;Normal Spell Card;Mint;English;
RDS;40;Necklace of Command;Orica;;Common;1;Equip Spell Card;Mint;English;
RDS;41;Machine Duplication;Orica;;Common;1;Normal Spell Card;Mint;English;
RDS;43;Mokey Mokey Smackdown;Orica;;Common;1;Continuous Spell Card;Mint;English;
RDS;44;Back to Square One;Orica;;Common;1;Normal Spell Card;Mint;English;
RDS;45;Monster Reincarnation;Orica;;Common;1;Normal Spell Card;Mint;English;
RDS;46;Ballista of Rampart Smashing;Orica;;Common;1;Equip Spell Card;Mint;English;
RDS;48;Malice Dispersion;Orica;;Common;1;Quick-Play Spell Card;Mint;English;
RDS;49;Tragedy;Orica;;Common;1;Normal Trap Card;Mint;English;
RDS;51;Xing Zhen Hu;Orica;;Common;1;Continuous Trap Card;Mint;English;
RDS;52;Rare Metalmorph;Orica;;Common;1;Continuous Trap Card;Mint;English;
RDS;53;Fruits of Kozaky's Studies;Orica;;Common;1;Normal Trap Card;Mint;English;
RDS;54;Mind Haxorz;Orica;;Common;1;Normal Trap Card;Mint;English;
RDS;56;Chain Burst;Orica;;Common;1;Continuous Trap Card;Mint;English;
RDS;57;Pikeru's Circle of Enchantment;Orica;;Common;1;Normal Trap Card;Mint;English;
RDS;59;Astral Barrier;Orica;;Common;1;Continuous Trap Card;Mint;English;
RDS;60;Covering Fire;Orica;;Common;1;Normal Trap Card;Mint;English;
SD6;29;Magical Dimension;Orica;;Common;1;Quick-Play Spell Card;Mint;English;
SD6;30;Mystic Box;Orica;;Common;1;Normal Spell Card;Mint;English;
SDK;11;Gyakutenno Megami;Orica;;Common;1;Normal Monster;Mint;English;
SDK;3;Ryu-Kishin;Orica;;Common;1;Normal Monster;Mint;English;
SDK;4;The Wicked Worm Beast;Orica;;Common;1;Effect Monster;Mint;English;
SDK;43;Mysterious Puppeteer;Orica;;Common;1;Effect Monster;Mint;English;
SDP;40;Graceful Charity;Orica;;Common;1;Normal Spell Card;Mint;English;
SDP;50;Gryphon Wing;Orica;;Common;1;Normal Trap Card;Mint;English;
SDP;9;Toon Alligator;Orica;;Common;1;Normal Monster;Mint;English;
SDY;11;Great White;Orica;;Common;1;Normal Monster;Mint;English;
SDY;14;Dragon Zombie;Orica;;Common;1;Normal Monster;Mint;English;
SDY;16;Ansatsu;Orica;;Common;1;Normal Monster;Mint;English;
SDY;20;Sword of Dark Destruction;Orica;;Common;1;Equip Spell Card;Mint;English;
SDY;23;Dian Keto the Cure Master;Orica;;Common;1;Normal Spell Card;Mint;English;
SDY;25;Magical Ghost;Orica;;Common;1;Normal Monster;Mint;English;
SDY;34;Wall of Illusion;Orica;;Common;1;Effect Monster;Mint;English;
SDY;36;Baron of the Fiend Sword;Orica;;Common;1;Normal Monster;Mint;English;
SDY;38;Sorcerer of the Doomed;Orica;;Common;1;Normal Monster;Mint;English;
SDY;39;Last Will;Orica;;Common;1;Normal Spell Card;Mint;English;
SDY;49;Castle Walls;Orica;;Common;1;Normal Trap Card;Mint;English;
SOD;2;Neo Aqua Madoor;Orica;;Common;1;Normal Monster;Mint;English;
SOD;3;Skull Dog Marron;Orica;;Common;1;Normal Monster;Mint;English;
SOD;8;Horus the Black Flame Dragon LV8;Orica;;Common;1;Effect Monster;Mint;English;
SOD;9;Dark Mimic LV1;Orica;;Common;1;Flip monster;Mint;English;
SOD;10;Dark Mimic LV3;Orica;;Common;1;Effect Monster;Mint;English;
SOD;12;Mystic Swordsman LV4;Orica;;Common;1;Effect Monster;Mint;English;
SOD;14;Armed Dragon LV5;Orica;;Common;1;Effect Monster;Mint;English;
SOD;15;Armed Dragon LV7;Orica;;Common;1;Effect Monster;Mint;English;
SOD;18;Malice Doll of Demise;Orica;;Common;1;Effect Monster;Mint;English;
SOD;20;Rafflesia Seduction;Orica;;Common;1;Flip monster;Mint;English;
SOD;21;Ultimate Baseball Kid;Orica;;Common;1;Effect Monster;Mint;English;
SOD;23;Element Dragon;Orica;;Common;1;Effect Monster;Mint;English;
SOD;24;Element Soldier;Orica;;Common;1;Effect Monster;Mint;English;
SOD;30;Nobleman-Eater Bug;Orica;;Common;1;Flip monster;Mint;English;
SOD;33;Penumbral Soldier Lady;Orica;;Common;1;Effect Monster;Mint;English;
SOD;34;Ojama King;Orica;;Common;1;Effect Fusion Monster;Mint;English;
SOD;35;Master of Oz;Orica;;Common;1;Fusion Monster;Mint;English;
SOD;36;Sanwitch;Orica;;Common;1;Fusion Monster;Mint;English;
SOD;43;Ectoplasmer;Orica;;Common;1;Continuous Spell Card;Mint;English;
SOD;45;Two-Man Cell Battle;Orica;;Common;1;Continuous Spell Card;Mint;English;
SOD;54;Heavy Slump;Orica;;Common;1;Normal Trap Card;Mint;English;
SOD;55;Greed;Orica;;Common;1;Continuous Trap Card;Mint;English;
SOD;56;Mind Crush;Orica;;Common;1;Normal Trap Card;Mint;English;
SOD;57;Muko (as Null and Void);Orica;;Common;1;Normal Trap Card;Mint;English;
SOD;58;Gorgon's Eye;Orica;;Common;1;Normal Trap Card;Mint;English;
SOD;59;Cemetary Bomb (as Cemetery Bomb);Orica;;Common;1;Normal Trap Card;Mint;English;
SRL;0;Blue-Eyes Toon Dragon;Orica;;Common;1;Toon monster;Mint;English;
SRL;1;Penguin Knight;Orica;;Common;1;Effect Monster;Mint;English;
SRL;2;Axe of Despair;Orica;;Common;1;Equip Spell Card;Mint;English;
SRL;3;Black Pendant;Orica;;Common;1;Equip Spell Card;Mint;English;
SRL;5;Malevolent Nuzzler;Orica;;Common;1;Equip Spell Card;Mint;English;
SRL;6;Spellbinding Circle;Orica;;Common;1;Continuous Trap Card;Mint;English;
SRL;13;Guardian of the Throne Room;Orica;;Common;1;Normal Monster;Mint;English;
SRL;19;Dark Witch;Orica;;Common;1;Normal Monster;Mint;English;
SRL;24;Hiro's Shadow Scout;Orica;;Common;1;Flip monster;Mint;English;
SRL;25;High Tide Gyojin;Orica;;Common;1;Normal Monster;Mint;English;
SRL;27;Whiptail Crow;Orica;;Common;1;Normal Monster;Mint;English;
SRL;31;Gravekeeper's Servant;Orica;;Common;1;Continuous Spell Card;Mint;English;
SRL;35;Final Destiny;Orica;;Common;1;Normal Spell Card;Mint;English;
SRL;36;Snatch Steal;Orica;;Common;1;Equip Spell Card;Mint;English;
SRL;37;Chorus of Sanctuary;Orica;;Common;1;Field Spell Card;Mint;English;
SRL;39;Delinquent Duo;Orica;;Common;1;Normal Spell Card;Mint;English;
SRL;42;Tailor of the Fickle;Orica;;Common;1;Quick-Play Spell Card;Mint;English;
SRL;43;Rush Recklessly;Orica;;Common;1;Quick-Play Spell Card;Mint;English;
SRL;46;Chain Energy;Orica;;Common;1;Continuous Spell Card;Mint;English;
SRL;49;Painful Choice;Orica;;Common;1;Normal Spell Card;Mint;English;
SRL;50;Snake Fang;Orica;;Common;1;Normal Trap Card;Mint;English;
SRL;51;Black Illusion Ritual;Orica;;Common;1;Ritual Spell Card;Mint;English;
SRL;52;Octoberser;Orica;;Common;1;Normal Monster;Mint;English;
SRL;54;Horn of the Unicorn;Orica;;Common;1;Equip Spell Card;Mint;English;
SRL;56;Wall Shadow;Orica;;Common;1;Effect Monster;Mint;English;
SRL;57;Twin Long Rods #2;Orica;;Common;1;Normal Monster;Mint;English;
SRL;59;Magical Labyrinth;Orica;;Common;1;Equip Spell Card;Mint;English;
SRL;60;Eternal Rest;Orica;;Common;1;Normal Spell Card;Mint;English;
SRL;61;Megamorph;Orica;;Common;1;Equip Spell Card;Mint;English;
SRL;63;Hamburger Recipe;Orica;;Common;1;Ritual Spell Card;Mint;English;
SRL;65;Eatgaboon;Orica;;Common;1;Normal Trap Card;Mint;English;
SRL;69;Crab Turtle;Orica;;Common;1;Ritual Monster;Mint;English;
SRL;71;Manga Ryu-Ran;Orica;;Common;1;Toon monster;Mint;English;
SRL;72;Toon Mermaid;Orica;;Common;1;Toon monster;Mint;English;
SRL;74;Jigen Bakudan;Orica;;Common;1;Flip monster;Mint;English;
SRL;76;Toon World;Orica;;Common;1;Continuous Spell Card;Mint;English;
SRL;80;Senju of the Thousand Hands;Orica;;Common;1;Effect Monster;Mint;English;
SRL;81;UFO Turtle;Orica;;Common;1;Effect Monster;Mint;English;
SRL;85;Giant Germ;Orica;;Common;1;Effect Monster;Mint;English;
SRL;90;Mother Grizzly;Orica;;Common;1;Effect Monster;Mint;English;
SRL;93;Sonic Bird;Orica;;Common;1;Effect Monster;Mint;English;
SRL;99;Rising Air Current;Orica;;Common;1;Field Spell Card;Mint;English;
SRL;100;Luminous Spark;Orica;;Common;1;Field Spell Card;Mint;English;
SRL;101;Mystic Plasma Zone;Orica;;Common;1;Field Spell Card;Mint;English;
SRL;103;Serpent Night Dragon;Orica;;Common;1;Normal Monster;Mint;English;
SYE;24;Black Luster Soldier;Orica;;Common;1;Ritual Monster;Mint;English;
SYE;25;Black Luster Ritual;Orica;;Common;1;Ritual Spell Card;Mint;English;
TP1;3;Kwagar Hercules;Orica;;Common;1;Fusion Monster;Mint;English;
TP2;10;Revival of Dokurorider;Orica;;Common;1;Ritual Spell Card;Mint;English;
TP2;7;Skull Guardian;Orica;;Common;1;Ritual Monster;Mint;English;
TP2;9;Dokurorider;Orica;;Common;1;Ritual Monster;Mint;English;
